<?xml version="1.0" encoding="UTF-8"?>
<project-private xmlns="http://www.netbeans.org/ns/project-private/1">
    <editor-bookmarks xmlns="http://www.netbeans.org/ns/editor-bookmarks/2" lastBookmarkId="0"/>
    <open-files xmlns="http://www.netbeans.org/ns/projectui-open-files/2">
        <group>
            <file>file:/C:/Users/icaro/Desktop/projeto%20finalytics-20240522T114334Z-001/projeto%20finalytics%20v2%2028.05.24/siteFinalytics/web/log.css</file>
            <file>file:/C:/Users/icaro/Desktop/projeto%20finalytics-20240522T114334Z-001/projeto%20finalytics%20v2%2028.05.24/siteFinalytics/web/index.html</file>
            <file>file:/C:/Users/icaro/Desktop/projeto%20finalytics-20240522T114334Z-001/projeto%20finalytics%20v2%2028.05.24/siteFinalytics/web/cad.css</file>
            <file>file:/C:/Users/icaro/Desktop/projeto%20finalytics-20240522T114334Z-001/projeto%20finalytics%20v2%2028.05.24/siteFinalytics/web/not.html</file>
            <file>file:/C:/Users/icaro/Desktop/projeto%20finalytics-20240522T114334Z-001/projeto%20finalytics%20v2%2028.05.24/siteFinalytics/web/log.html</file>
            <file>file:/C:/Users/icaro/Desktop/projeto%20finalytics-20240522T114334Z-001/projeto%20finalytics%20v2%2028.05.24/siteFinalytics/web/ind.html</file>
            <file>file:/C:/Users/icaro/Desktop/projeto%20finalytics-20240522T114334Z-001/projeto%20finalytics%20v2%2028.05.24/siteFinalytics/web/comv.html</file>
            <file>file:/C:/Users/icaro/Desktop/projeto%20finalytics-20240522T114334Z-001/projeto%20finalytics%20v2%2028.05.24/siteFinalytics/web/not.css</file>
        </group>
    </open-files>
</project-private>
